<?xml version="1.0" encoding="utf-8"?>

<ModMetaData>
    <name>Slave Rebellions Improved</name>
    <author>busted_bunny</author>
    <supportedVersions>
        <li>1.3</li>
        <li>1.4</li>
    </supportedVersions>
    <description>Overhaul of slave rebellions. Completely overwrites the way rebellions get generated.</description>
    <packageId>bustedbunny.SlaveRebellionsImproved</packageId>
    <modDependenciesByVersion>
        <v1.3>
            <li>
                <packageId>brrainz.harmony</packageId>
                <displayName>Harmony</displayName>
                <steamWorkshopUrl>steam://url/CommunityFilePage/2009463077</steamWorkshopUrl>
                <downloadUrl>https://github.com/pardeike/HarmonyRimWorld/releases/latest</downloadUrl>
            </li>
        </v1.3>
        <v1.4>
            <li>
                <packageId>brrainz.harmony</packageId>
                <displayName>Harmony</displayName>
                <steamWorkshopUrl>steam://url/CommunityFilePage/2009463077</steamWorkshopUrl>
                <downloadUrl>https://github.com/pardeike/HarmonyRimWorld/releases/latest</downloadUrl>
            </li>
        </v1.4>
    </modDependenciesByVersion>
    <loadAfter>
        <li>brrainz.harmony</li>
    </loadAfter>
</ModMetaData>